Unnamed: 0,street_name,street_alias
0,bien hoa vung tau,tại đường nào
1,ngo thi nham,tại d nào
2,tran quoc toan,o đường nào
3,nguyen tieu la,o d nào
4,hoang van thu,nằm ở đường nào
5,bung co,nằm tại đường 
6,hung vuong,nằm tại đường nào
7,ong van cong,thuộc đường nào
9,go xoai,thuộc đường ?
11,nguyen van nguyen,gần đường nào
12,phung khoang,tai duong nao
13,vanh ai 3,tai d nao
14,ql13,o duong nao
15,nguyen huy tuong,o d nao
16,bau can,nam o duong nao
17,ong thinh,nam tai duong 
18,22,nam tai duong nao
19,tinh lo 87,thuoc duong nao
20,ngo quyen,thuoc duong ?
22,chinh kinh,gan duong nao
25,le van luong,
28,3,
30,an nhon 9,
31,tri trach,
32,la xuan oai,
33,ngoc lam,
36,le van luong noi ai,
37,ta quang buu,
39,nguyen huu tho,
41,xa an,
42,vo nguyen giap,
43,pho quang,
44,van be,
45,- 2 phong,
46,ql1a,
47,huynh tinh cua,
48,3 trac,
50,khanh vy,
52,nguyen thai n,
54,ai mo,
57,tran binh trong,
60,ong xa,
63,ngay em,
64,ql 60,
65,ong khoi,
68,xuan phu,
69,quoc lo 55||28976,
71,"45 tan lap, phuong tan hoa, thi xa i an, binh",
72,nghiem xuan yem,
76,le hong,
77,ql19,
78,2,
79,nguyen an ninh,
80,ao tri,
82,ngoc thuy,
84,nguyen uc thieu phuong,
85,cao toc trung luong,
86,a n,
88,inh quang an,
90,quoc lo 150m,
91,49,
92,tinh lo 818,
93,trung lap,
95,tien ich xung quanh,
96,kiet 264 hoang van thau,
97,o,
100,g 8 linh xuan,
102,t 784,
104,xung quanh,
105,trai a,
106,me kiet nguyen phuoc nguyen,
108,binh ky-hoa quy,
114,nguyen van cu,
115,inh nghe,
116,cam on,
117,nguyen cong tru,
118,thanh,
120,nguyen phuoc chu,
122,t82,
123,le uc tho,
124,ao su tich,
126,ang van bi,
129,cach mang thang,
130,le uan xeo trom,
131,ql 51,
133,phu thuong t,
134,cu lao,
135,sim san,
136,nguyen hoang,
139,xuan hoa,
140,ly tu trong,
141,ly phuc man,
142,ql17b,
143,truong van bang,
144,le uan,
145,quoc lo 37,
146,chien luoc,
147,nguyen van troi,
148,3 huyen thanh quan,
149,le quang ao,
150,ly 5 e,
151,ql14,
153,hoang mai,
157,cong hoa,
159,17m5,
161,trung kinh,
162,pham van nghi,
166,nguyen trai,
167,nguyen 3 luat,
169,quan su,
170,hung phu,
171,binh than,
172,pham van ong,
173,tran phu,
174,420,
176,o xuan hop,
177,hoc huu,
178,cat vu,
179,hoang sa,
180,t,
183,hong tien,
188,pham viet chanh,
189,tinh lo 420,
190,ql,
191,h 09,
192,noi bo,
194,ho bieu chanh,
195,phan ang luu,
203,thich quang uc,
204,xa la nguyen xien,
205,inh uc thien,
206,tran quang khai,
208,phan xich long,
209,9,
212,tl 48,
215,ien bien phu,
216,nguyen thi ranh,
217,trieu khuc,
220,22 thang 12,
221,hoa cuc,
222,bui huu nghia,
223,tran khac chan,
225,tran uy chien,
227,quang trung,
232,le van sy,
235,vanh ai 3 5,
237,van phuc,
238,hoang ieu,
241,1,
242,bui inh tuy,
243,oan thi iem,
244,tan thuy,
245,minh mang,
248,"tl 741, thi tran phuoc vinh",
249,hoang chinh chu,
251,ang minh tru,
252,huong lo 2,
255,quoc lo 51,
256,phan huy ich,
257,chung cu,
259,ang thuy tram,
260,19/5,
261,nguyen thi thap,
263,nguyen thi chay,
264,nguyen anh thu,
265,huong lo 11,
268,ng ma,
269,ho thanh bien,
272,quach ieu,
273,nhat tao,
276,vung tau,
277,quoc lo 1km,
280,hiep binh,
281,"pham huu lau, xa phuoc kien",
282,le van viet,
283,phan huy ich||7556,
284,lon gan,
285,goc e,
287,ng lu xa trung an,
290,vo van ngan,
291,thanh xuan,
293,56 kdc 586,
295,vo van hat,
296,truong thi kien,
300,cau giay,
302,thai ly,
309,ang ung,
310,quoc lo 6,
311,cong khi,
312,nguyen trong tuyen,
313,quoc lo 21,
314,chanh phu hoa,
317,phan inh phung,
321,t769,
322,hang huong,
326,tran 5 trung,
329,cu loc,
334,nguyen xien,
335,van quan,
336,linh am,
337,vo van tan,
338,thai thinh,
341,ap ong quan,
342,vanh ai,
345,cach mang thang 8,
346,hcm,
348,truong inh,
351,ben van on,
353,o thi 8,
354,bo bien,
355,vinh hung,
356,quoc lo 1a,
359,tay thang long,
360,tram,
362,nguyen thi inh,
363,xuan ieu,
366,ien tich,
367,pham hung,
370,lu gia quan,
373,quoc lo 19b,
380,mai ong,
381,huynh van banh,
383,tinh lo 419,
384,nguyen van linh,
385,309 an hoa,
386,tu uc,
388,tan phuoc khanh,
391,quoc lo 28,
393,nguyen van quy,
394,352,
395,thoi an 21,
398,sun grand boulevar,
399,tan n nhi,
402,h 601,
403,ql 1a,
404,1 long truong,
405,huynh tan phat,
410,to huu,
411,hung nhon,
412,nguyen hue,
418,xa lo ha noi,
419,my phuoc - tan van,
420,2 phong,
421,han thuyen,
423,ql1a tran phu,
424,phuoc inh,
425,nguyen thanh binh,
426,cao toc au giay - lien khuong,
431,thanh thai,
432,phuong mai ich,
434,vuon lai,
435,linh 5,
437,quoc lo 38,
446,au giay lien khuong,
447,hong bang,
460,yen the,
464,mai ich,
469,nguyen huu tri,
472,ky quan,
473,cao toc hoa binh,
474,bai,
477,binh thung,
479,ha long,
481,gamuda,
482,hoa bang,
483,hoang quoc viet,
485,tinh lo 334,
489,be van cam,
493,tran van kieu,
494,viet,
498,truong inh quan,
499,bien ho tram,
500,anh thu,
503,asphalt cuc phuong,
505,my phuoc tan van,
510,tinh lo 10,
511,luong n,
512,cuc phuong,
513,hoang viet,
517,nguyen ong chi,
518,an ao,
519,truong chinh,
521,bo bao tan thang,
524,ql 6,
525,giang chau 1,
527,hoang van thai,
528,uy nghia,
530,ky lien,
531,ben xe,
533,ha inh,
534,le hong phong,
537,tan hoa ong,
538,cau lon,
541,nguyen ly,
542,vanh ai 4,
544,cmt8,
547,ong tru,
549,hung thang,
551,cam tan,
554,xuong ca 1,
557,nghia,
559,bui xuong trach,
560,nguyen binh,
561,to an pho,
566,quoc lo 51c,
568,pham van 2,
569,nguyen phuc nguyen,
571,lai thieu 58,
572,phan tu,
575,nguyen tuan,
577,ql19b,
579,quoc lo 13,
582,nguyen uy trinh,
583,lien xuan o,
588,giap nhat,
590,quoc lo 20,
592,van giang,
596,inh bo linh,
598,chua boc,
599,nguyen co thach,
600,uy tan,
601,ham nghi,
603,lac long quan t,
606,ql 18,
607,le quoc hung,
610,chinh huu,
612,n6,
613,lac long quan,
614,lang ha,
616,xo viet nghe tinh,
621,kim giang,
623,tay,
624,vu huu a,
627,phuong vinh phuc,
629,lap tri,
630,quoc lo 18,
631,quang 2,
632,nguyen tao,
634,ao tong nguyen,
636,10,
638,nguyen huu canh,
640,tra ly,
641,thi sach,
642,thuan giao 25,
643,au co,
649,vanh ai 2,
654,t795,
658,nguyen tat thanh,
660,nguyen g,
662,thinh liet,
663,nguyen van hoa,
664,nguyen tri phuong,
665,thanh to,
668,chi,
670,sai ong,
674,t 5,
682,ong thanh,
683,tinh lo 7,
688,my inh,
689,truong sa,
690,quang ham,
693,vuon om,
696,t 782,
698,sao,
700,trang trinh,
702,ly thai to,
705,suoi cai,
708,cho lon,
709,an kim 2,
713,van mieu,
714,tc,
717,hung,
718,ton quang phiet,
722,tang thap,
723,4,
725,quoc lo 1,
726,tang nhon phu a,
733,trinh van bo,
735,ham chinh,
738,chu van an,
740,quoc lo 27,
741,chien thang,
746,lo uc,
747,n tay,
749,lien,
750,moc bai,
751,5 ky khoi nghia,
753,vo thi 6 tan,
754,ql50,
757,quan hoa,
763,nguyen van bua,
768,truong van a,
769,tan liem,
773,loc uc,
774,thanh nhan,
777,266,
780,hoang cau,
781,global city,
783,nguyen thi minh khai,
787,thanh xuan 13,
795,tan my,
796,be tong,
798,ien bien phu p17,
799,uyen hung,
805,co linh,
807,nguyen van nghi,
811,lai uyen,
812,cau chay,
813,nguyen van khoi,
814,cao toc,
816,8 anh,
821,vo oanh,
824,le ai hanh,
826,an n 43,
827,pasteur,
828,ho xuan huong,
832,vo kien,
841,thoi hoa,
844,hoang nhu tiep,
848,huynh thuc khang,
850,cao toc hoa binh moc chau,
853,me tri ha,
854,binh thanh,
855,bau cat,
856,thuong thanh,
860,yen nghia ha ong,
861,oto,
862,ql21a,
864,le van chi,
865,ao tan,
867,nguyen khang cau giay,
869,tan thanh,
872,44a,
873,205,
874,ho tay,
880,huynh van tri,
881,tung lam 1,
883,thanh tri,
887,ong phu-binh phuoc,
888,quoc lo 13c,
891,tran cung,
894,mat tien,
895,ql 27,
899,ql27,
900,minh,
903,hoang lien,
905,nguyen ai quoc,
907,334,
908,xa,
909,ql3,
911,yet kieu,
913,phuong,
915,14,
916,t759,
917,lien huyen,
918,ham cuong,
920,quoc lo 21b,
921,ql 3,
924,viet hung,
928,vu quynh,
932,cao xanh lo,
933,hang kenh,
934,huyen rose,
937,xa h01,
938,phuong nghia tan,
939,nguyen canh i,
950,tran xuan an,
951,yen hung,
955,lien phuong,
956,vo chi cong,
959,2 3,
962,le trong tan,
963,87,
964,quoc huong,
965,lt,
966,vong thi,
967,ai tu,
969,827 nguyen uy trinh,
971,pham tuan tai,
975,van hanh,
977,hoang bich n,
978,10m5,
980,vo thi 6,
983,bia 3,
984,hong ha,
989,ai linh,
990,vinata khuat uy tien,
995,khanh binh 13,
996,nguyen hong ao,
997,man thien,
999,ngo gia tu,
1000,nguyen luong bang,
1002,ql6,
1006,nguyen thi sua,
1009,bach ma,
1015,phan chu trinh,
1016,nguyen thien thuat,
1021,oi,
1022,biet thu ao,
1024,ngoc hoi,
1027,t 129,
1028,cho hang,
1029,oan tran nghiep,
1036,vong,
1038,3 binh,
1041,t741,
1043,tra khe 3,
1046,bien ty o vo nguyen giap,
1049,quoc huong thao ien,
1050,8 trinh,
1052,le van quoi,
1054,me linh,
1055,kim nguu,
1057,luong minh nguyet,
1058,quoc phong,
1061,6,
1066,vinh iem trung,
1067,nha hoang quoc viet,
1070,nguyen chanh,
1074,bac thuong,
1078,ql55,
1082,luong the vinh,
1084,lap inh suoi mon,
1085,tran hung ao,
1086,truong inh hoi,
1087,giai phong,
1097,cao toc bien hoa,
1100,nguyen inh chieu q,
1103,nguyen trai q,
1110,thai ha,
1113,hop ong,
1121,hoang quoc viet keo ai,
1122,tu menh,
1131,o van ay,
1135,to ngoc van,
1137,tran ang ninh,
1138,pham van bach,
1144,go au tay ninh,
1147,"vanh ai 2 , 3",
1153,3/2,
1157,binh thai,
1161,ql 20,
1162,34,
1166,nguyen van thuong,
1167,n2,
1168,18,
1176,nga tu vong,
1177,ho van tang,
1179,thach ban,
1182,ngoc ha,
1186,huynh van luy,
1187,tran trong cung,
1188,nguyen u,
1191,nguyen tu gian,
1194,mo co,
1196,tran 3 giao,
1198,pham van chieu go vap,
1204,18b,
1208,nguyen van luong,
1209,n,
1213,tinh lo 824,
1214,kim ma,
1219,lam ha,
1222,truong vinh ky,
1224,nguyen thi bi,
1225,bai truong,
1226,794,
1227,ho tram,
1228,7,
1229,hau giang,
1235,35,
1237,tran thai tong,
1243,ong xung,
1244,t 769,
1245,e ta ay,
1250,xuan inh,
1263,quoc lo 5,
1264,nguyen uc canh,
1267,vu trong phung,
1269,bach mai,
1271,ai lo thang long,
1274,ap bac p13,
1276,nguyen xi,
1278,binh thai 4,
1279,hoang huu 5 quan,
1280,truong cong inh,
1281,to phu quoc,
1282,hoa lam,
1285,vo van kiet,
1286,nguyen phuc chu,
1291,g tan xa,
1294,noi a,
1296,ql 43,
1297,ca phe go,
1298,mac thai to,
1301,nguyen thi tu,
1308,29/3,
1310,su van hanh,
1312,5,
1313,ly thuong kiet,
1317,g thien hoc,
1319,ql1 a,
1322,thanh loc 03,
1324,pham van chieu,
1327,7 a,
1329,tinh lo 767,
1333,hoang huu 5,
1335,333,
1339,lam van ben,
1343,le thanh ton,
1348,bo ke,
1350,vinh vien,
1360,12,
1362,nguyen kim cuong,
1363,ong ich khiem,
1365,hoang phan thai,
1368,ngoai giao oan,
1370,nguyen thi nhung,
1372,xuong ca 2,
1377,le hy cat,
1385,cau rao 2,
1387,thanh loc 19,
1389,tinh lo 823,
1390,32,
1394,vinhomes ocean park,
1396,ton uc thang,
1400,phuong phu loi,
1401,chua lang,
1402,pham ngoc thach,
1405,bac 5,
1409,giang vo,
1418,hang ao,
1420,truong luu,
1421,bach ang,
1423,nguyen van cu phuong,
1424,tran hung ao phuong,
1427,chot ong,
1432,lai hung cuong,
1434,quoc lo,
1436,me tri thuong,
1440,kenh nuoc en,
1446,n3,
1447,55,
1456,xuan la,
1458,tan huong,
1461,vinh niem,
1467,nguyen inh chieu,
1469,nguyen chi thanh,
1470,ql55 tan phuoc,
1476,pham huu nhat,
1480,nguyen cuu am,
1483,ng sai gon,
1491,hoang hoa tham,
1495,hoa hung,
1500,cong ich,
1501,a sy,
1504,bau sen,
1508,t 610b,
1512,ha quang,
1516,tran vy,
1520,i o,
1521,lo than ap 1,
1522,cay gao trang bom,
1523,bui thi xuan,
1525,nguyen khang,
1526,co,
1528,t 742,
1530,mo,
1532,nguyen thi hanh,
1534,quoc lo 22,
1537,cau o tuy loan,
1539,nghia tan,
1540,o nhuan,
1541,ly chinh thang,
1542,nguyen chi thanh quan,
1543,ky ong,
1544,c4,
1545,tay hoa,
1551,thang long,
1557,lac trung,
1559,ho chi minh,
1563,ngoc my,
1566,tan vinh,
1568,nguyen oanh,
1570,hang trong,
1571,tl 41,
1575,tran quoc tuan,
1580,thuan giao,
1581,nhat tan,
1583,nguyen van huyen,
1585,nguyen trung truc,
1589,nguyen van au,
1590,tran binh,
1593,cat lai,
1596,le quang inh,
1597,bai ai,
1606,khue,
1609,ma may,
1610,trung hoa,
1614,buoi,
1620,chau long,
1621,28,
1627,nguyen n,
1637,nguyen minh hoang,
1642,banh van tran,
1644,truong n,
1645,luy ban bich,
1647,vai,
1649,to hien thanh,
1651,khuong viet,
1653,nha,
1654,hang ga,
1655,bong hang a quan su,
1658,5 ban,
1664,t 725,
1668,quoc lo 1k,
1672,la khe,
1674,luong quy,
1677,nguyen thi thap quan,
1678,47,
1680,ton that tung,
1682,long phuoc,
1683,ht42,
1684,g nhat 1,
1692,tan binh,
1693,trieu quang phuc,
1694,nguyen lam,
1695,769,
1699,cam lam khanh hoa,
1700,ne8,
1704,ke tanh,
1708,5 ky,
1709,t824,
1715,binh tri ong,
1717,nhuan,
1722,yen bai,
1724,quan nhan,
1728,quoc lo 12b,
1731,414,
1734,hoa binh,
1741,tinh,
1743,ql20,
1745,b4,
1746,n4,
1750,nguyen ngoc vu,
1755,thoai ngoc hau,
1756,ha trung,
1757,tran quoc hoan,
1758,"vanh ai 3,5",
1764,2 3 trung,
1765,ha huy giap,
1767,am au,
1769,le huu khanh,
1772,quoc lo bac 5,
1784,luong yen,
1785,seo my ty,
1788,an hoa,
1793,quoc lo 3,
1796,cat,
1805,y ty,
1815,8 lo lu,
1820,tay lan,
1822,ql 13,
1834,ly thanh tong,
1835,container,
1837,mieu ong cu,
1842,tran nhan ton,
1843,inh,
1849,tan thoi nhat 02,
1854,to hieu,
1855,ong en,
1856,bui xa,
1867,cau be,
1870,ho si phan,
1874,phong chau,
1881,thien hoa,
1888,cam lam,
1889,phan van tri,
1893,t 824,
1895,oi can,
1905,phuoc long,
1907,trung,
1910,ong co,
1912,phuong phu thanh,
1922,nguyen van tang,
1924,tinh lo 825,
1926,quoc lo n 2,
1927,an chu,
1930,van chuong,
1932,ql51,
1945,vanh ai trong,
1948,mai chi tho giang bien,
1957,vinh loc,
1965,ong hoi,
1967,tran khat chan,
1972,cat khe,
1973,nha vuong,
1974,an vuong,
1975,tan phu,
1985,xa la nga,
1988,nguyen thi thu,
1989,chanh,
1998,go huu,
2001,quoc lo 38 b,
2002,le van quoi binh,
2003,t830,
2016,15,
2019,minh khai,
2020,t 749b,
2024,hiep thanh city,
2033,phuoc binh,
2036,binh chau ho tram,
2042,nguyen huu cau,
2043,nguyen ngoc nai,
2061,nguyen thanh 8,
2062,ql21b,
2064,au,
2065,ich vong hau,
2066,lien xa,
2068,lk8,
2069,vi tri,
2071,tinh lo 287,
2075,t610b,
2078,ngo gia tu long,
2080,quoc lo 56,
2081,huu le,
2083,vng,
2085,cao toc tp hcm,
2087,ham kiem,
2098,biet thu,
2099,nhu nguyet,
2100,phu chanh,
2101,le huu trac,
2102,cau xeo,
2107,tinh lo 298,
2119,lo lu,
2121,le lu,
2127,65,
2128,t 741,
2141,nguyen hau,
2145,bo cap,
2156,tran van lai,
2162,hoang minh giam,
2167,cong vien kim quy,
2170,long thanh - au giay,
2173,25b,
2175,ql18,
2182,nguyen thi 6,
2185,mai anh tuan,
2193,kinh trung uong vinh loc a,
2198,le thi kinh,
2200,trang bom,
2202,t 716,
2203,nguyen kiem,
2207,phuoc hoa,
2208,256 lien khu 4 - 5,
2216,quoc lo 2,
2218,ngo van,
2227,quoc lo 50,
2230,bu ang,
2237,thoai ngoc hau phuong,
2238,le co,
2243,ien an,
2245,an n 02,
2246,ngoc trai,
2247,lu cam,
2258,ho tung mau,
2263,cay <unk>,
2267,bac cau,
2270,a4 hoan oi,
2271,trung luong,
2278,nguyen cuu van,
2281,tran van giau,
2283,luong inh cua,
2285,92 tan phu trung,
2286,lien xa ninh quang,
2288,lang,
2292,a ngu,
2296,nguyen khuyen,
2299,vong cung,
2308,nguyen van huong,
2310,nha nuoc ly thai to,
2312,shophouse,
2317,ql 50,
2321,le van khuong,
2324,huyen,
2327,an ngai,
2328,nguyen van thoai,
2330,ang van ngu,
2337,xuan phuong,
2343,phuc xa,
2346,chau van liem,
2356,le loi,
2357,le quang inh binh thanh,
2360,tran nhan tong,
2363,5 trinh luong,
2368,h 03,
2373,quoc lo 32,
2375,tran van mau,
2380,hoa minh 10,
2388,tinh lo 304,
2390,hoang sam,
2392,thuy khe,
2401,xuan thuy,
2404,o to tranh,
2411,ho van tang cu chi,
2413,lang nhot,
2414,no trang long,
2418,to hieu t,
2419,cay cam,
2421,nguyen khanh toan,
2424,tay ho,
2425,nguyen van qua q,
2427,oi nui,
2429,ien toan,
2435,kiet hoang ieu,
2440,nguyen cu trinh,
2441,oan nguyen tuan,
2456,22 hiep binh chanh,
2458,ong,
2465,trai,
2466,tho nhuom hoan kiem,
2475,a 5,
2487,16,
2488,ty,
2495,phan van truong,
2499,vo nghia,
2511,linh ong,
2516,2/4,
2520,be - tong,
2521,a,
2525,nguyen van kha,
2526,tang nhon phu,
2533,3 vi,
2538,che,
2539,tran huy lieu,
2540,2 thang 9,
2542,thuy khue,
2546,quoc lo 14,
2550,rung sac,
2558,inh thien ly,
2559,binh tho thu uc,
2561,nguyen luong bang noi,
2565,bui vien,
2567,pham huu lau,
2580,giang van minh,
2583,mai thuc lan,
2588,chuong,
2593,ai lo pham van ong,
2597,le van thinh,
2601,"""",
2602,uc giang,
2603,kinh vuong,
2607,3 xan,
2609,kim ong,
2610,trinh cong n,
2612,phu inh,
2614,nguyen quy canh,
2618,t725,
2621,pham the hien,
2622,cau,
2623,hoang hoa,
2626,cao trieu phat,
2630,vinh loc b,
2636,gia inh,
2637,tran hung ao hoan kiem,
2641,oi en,
2644,cua 5 ien bien phu,
2647,van tien ung,
2648,cua 5,
2650,tan phuoc ong,
2654,oc lap,
2656,nguyen hong,
2662,trung 8 quan,
2665,tran ke xuong,
2670,ho sen cau rao 2,
2672,oi cung,
2684,nguyen trai tay n,
2685,ql217,
2689,mai hac e,
2691,ao trinh nhat,
2692,ben cu ien lam ien khanh,
2696,21 thang 8,
2698,gia trang,
2699,pho co ieu,
2703,pham thai buong,
2708,hue,
2709,nhat chi mai,
2712,ninh chu,
2716,am,
2718,me suot,
2720,tinh lo 309,
2723,phuoc binh a,
2726,bac 2,
2731,long truong,
2735,23/10,
2736,tri an,
2744,hung long quy uc,
2745,le van hien,
2746,nguyen gia tri,
2748,to ky,
2750,giap bat,
2751,huong lo 20,
2757,t 825,
2758,t 825 uc hoa,
2760,le thanh tong,
2763,tieu hoc hoan n gia,
2764,ang tien ong,
2768,e bat khoi,
2769,bien bo ke tt,
2770,tay n,
2771,uc hoa thuong,
2780,nguyen van au q,
2782,ap bac,
2784,tinh lo 835,
2785,vo thanh trang,
2797,quoc lo 45,
2802,xa an 2,
2803,bien,
2806,tran huu uc,
2819,trung 8,
2820,le boi,
2827,thua uc,
2828,luu huu phuoc,
2832,648,
2833,tran nao,
2836,phung khac khoan,
2837,bo e,
2841,765,
2847,tan ky tan quy,
2851,thu uc,
2861,hung vuong phuong,
2865,mai thi luu phuong,
2868,ban co,
2878,tran ang,
2885,g 1f,
2897,6m,
2899,o nguyen van cong phuong,
2915,phan trong tue,
2918,ang van ay,
2920,phuong ai kim,
2929,tinh lo 261,
2931,truong n a,
2933,le van mien,
2934,ma lo,
2939,vuong thua vu,
2944,22/12,
2945,nguyen uc thuan,
2947,huynh van nghe,
2951,le thi trung,
2956,9c,
2962,25c,
2970,lac long quan hoi an,
2976,nga tu vung tau,
2984,ong hung thuan 11,
2988,111,
2998,xuan thuy hon rom,
3000,hoang minh chanh,
3001,410,
3005,tran nao ng hanh,
3011,cong nhan,
3017,30/4,
3021,x43,
3023,phu loi,
3029,yersin,
3033,t765,
3036,long,
3040,h04,
3051,van cao,
3053,379,
3054,ha huy tap phuong,
3059,ngan ha,
3063,cao lo,
3066,phuong tan quy,
3081,nguyen sinh sac,
3082,8,
3083,uc hoa,
3084,13,
3085,nguyen thi my,
3090,tong huu inh,
3094,ong ao,
3097,huong lo 10,
3100,tu minh,
3102,tran thanh tong,
3103,quoc lo 55,
3105,oan khue,
3111,bien ong,
3115,con,
3123,alat,
3125,5 hong,
3128,sap,
3131,phuong canh,
3132,chi lang,
3133,van chuong 2,
3136,hong thai ong,
3139,huynh thi 2,
3141,vo van yen,
3142,ql 47,
3144,xien,
3147,kham thien,
3149,an,
3152,vi thu an,
3155,tran quang ieu,
3156,phan thiet,
3157,ngo quang tham,
3162,bac si trung,
3164,40,
3167,lu giang,
3171,70,
3174,ong lan 8,
3176,ong 8,
3178,vinh phuc,
3181,nguyen lo trach,
3185,ai co viet,
3188,commat nguyen kiem,
3190,quoc lo 62,
3192,hoang ieu 2,
3210,11,
3212,phuc man,
3213,ai lo binh,
3216,le lang,
3217,tu hiep,
3221,ly long truong,
3234,ql 70b,
3241,van bao,
3247,o cho ua 3,
3256,ho hao hon,
3260,phu o,
3269,tran sam,
3270,tieu la,
3273,ten lua,
3291,phung hung,
3298,t 7a,
3300,tran nguyen han,
3304,khe,
3306,khuong thuong,
3312,ngu hanh n,
3313,bang lang 3,
3318,long chau,
3321,8/3,
3324,lang hoa lac,
3331,cay lon,
3332,8 khuong,
3333,nguyen van tao,
3335,ha uy phien,
3338,16/7,
3339,phuoc ha,
3340,6b,
3343,ho van hue,
3346,t 830,
3349,cao toc tp hcm long thanh au giay,
3356,vu huu,
3361,a4,
3362,hoa lac hoa binh,
3369,thi giang,
3371,ho nghinh,
3372,binh gia,
3378,thuong thuy,
3391,van xuan,
3393,thanh loc 37,
3397,truc khe,
3400,giap nhi,
3401,tu thuy,
3425,hinode royal park,
3432,pham tran nhat minh,
3441,b ng a hiep binh chanh,
3448,5m5,
3450,khuat uy tien,
3453,tinh lo 822,
3457,vinh phu 1,
3466,131,
3468,an linh,
3469,tl8,
3471,bong sao,
3478,tinh lo 3,
3481,my tra my khe,
3483,luu chi hieu,
3484,hang ua,
3489,hht,
3498,hoang hoa tham p13,
3499,cao toc ha noi 2 phong,
3502,g nhat,
3504,ql21,
3505,cao lo p4,
3506,le lai,
3513,ien,
3515,bac n,
3520,bo bao ng sai gon,
3522,t 420,
3529,thuong hieu,
3544,nguyen hy quang,
3550,ql 17,
3554,cao toc long thanh au giay,
3570,go cat,
3573,nguyen van cong,
3584,vo van kiet t,
3588,thu khoa huan,
3596,vu pham ham,
3598,hang voi,
3599,phan ke binh,
3600,nguyen viet xuan,
3601,n10,
3604,phuong thach ban,
3611,le thuc hoach,
3618,am chua,
3635,go o moi,
3638,ung van khiem,
3639,thanh trung,
3646,ong tac,
3655,hien luong hien ninh c n,
3672,nguyen chi thanh lieu giai,
3673,cao toc long phuoc,
3674,tl 830,
3676,thanh xuan 43,
3678,21b,
3682,ai thang,
3683,ai kim,
3689,phu luong,
3691,hang bong,
3693,ang 2,
3694,tinh lo 281,
3695,tho thap,
3704,mau luong,
3708,862,
3710,37,
3718,nhan hoa,
3721,at,
3725,thanh n,
3735,quoc lo a nang,
3740,tu,
3741,minh khai vinh tuy,
3742,t 724,
3744,trang ai,
3747,ql32,
3748,tran nhat uat,
3751,thanh loc 41,
3756,hoa hao,
3759,le quang kim,
3762,nguyen khoai,
3765,phung chi kien,
3770,yen ninh,
3771,tinh lo 131,
3778,tan chanh hiep 10,
3780,hat giang,
3781,tran thi co,
3782,thoi an 11,
3783,hiep thanh 17,
3787,thang loi,
3791,tang bat ho,
3793,la noi,
3794,men,
3796,nguyen van qua,
3798,20,
3800,chua g,
3807,inh cong thuong,
3809,pham van ieu,
3814,tien,
3825,11m5,
3834,trung n tram,
3835,me tri tu liem,
3837,phu binh lac long quan,
3853,e la thanh,
3863,nguyen thi kieu,
3864,thuong inh,
3868,at thanh,
3870,52,
3871,916,
3872,mang nuoc,
3881,go cong,
3882,nguyen quy uc,
3893,ql5b,
3895,inh hoi,
3897,ong u,
3899,o 10,
3904,ql 14,
3905,cao toc au giay,
3908,quoc lo 14e,
3909,vu inh long,
3912,tran van u,
3917,van tri,
3920,quoc lo 21a,
3922,ql 19b,
3925,tham quan,
3930,quoc lo 14b,
3931,402,
3932,le thanh nghi,
3935,chu huy man,
3943,lai hung,
3945,ngo thoi nhiem,
3950,trung an,
3951,tan phuoc,
3969,phuong trung hoa,
3972,le van sy quan,
3973,3 thang 2,
3983,ai lo ton uc thang,
3984,ha o,
3987,to vinh ien,
3989,tran inh xu,
3993,100 me linh,
3995,le quang ao phu,
4005,nguyen truong to,
4012,xe hoi,
4023,kenh chanh 5 qh,
4025,ha tri,
4026,phan van hon,
4036,lanh binh thang,
4050,thach lam,
4054,no trang long phuong,
4058,cau men,
4059,ngo chi quoc,
4061,30 linh ong,
4070,cao toc long thanh,
4072,sung khang,
4075,vu mien,
4081,nguyen van qua phuong,
4083,long thanh,
4084,cao thang q,
4091,cu xa,
4095,cao xuan uc,
4096,nguyen thai hoc,
4100,nguyen van tuyet,
4108,van phong,
4113,huynh ngoc hue,
4114,quoc lo 13 hiep binh phuoc thu uc,
4119,t782,
4128,bo kenh la khe,
4132,lac hoa,
4135,yen nghia,
4142,tan chanh hiep 8,
4144,e,
4149,tran huu uc 5,
4150,nguyen chi thanh q,
4158,bat su,
4167,vanh ai 04,
4175,bac n long thanh,
4178,xa nhon uc,
4180,a tuong,
4181,quang an,
4185,kp5,
4194,vu tong phan,
4205,bui sy tiem,
4212,2/9,
4219,phu ien,
4220,tinh lo,
4223,nhan,
4227,mai chi tho,
4233,vinh tien,
4247,x094,
4249,bang lang,
4250,ong phu,
4255,thanh binh,
4258,nguyen tat to,
4269,le van huan,
4272,715,
4281,nguyen cong hoan,
4282,an hoi,
4285,tan mai,
4287,nguyen hoang ton,
4293,cho kham thien,
4298,an thuong,
4302,tran van anh,
4312,cong ly,
4316,bau bang,
4317,4 ha quang ii,
4318,huynh van banh phuong,
4321,giang vo cat linh,
4326,quang trung ha ong,
4330,an vuong binh tan,
4341,ql 21a,
4348,12 binh an,
4350,7 an phu,
4352,pho quang phuong,
4354,ngo tat to,
4361,inh xuyen,
4367,huy can,
4370,cao toc moc bai,
4372,nguy nhu kon tum,
4377,b,
4388,co phu yen,
4393,trieu khuc thanh xuan,
4402,c2,
4403,nguyen phong sac keo ai,
4406,h 611,
4412,tx52,
4419,oi can 3 inh,
4421,tl48,
4427,nguyen van linh binh,
4428,e mo rong,
4430,phuong vinh phu,
4443,lien khu 8,
4465,tinh lo 329,
4473,ao uy tung,
4481,phuong hoang liet,
4482,le huu kieu,
4483,chu y,
4489,hoa binh n ien bien,
4496,t784,
4500,vu van ung,
4502,chau thi vinh te,
4506,my a ong 12,
4508,che lan vien,
4509,9a,
4510,nguyen hue quan,
4517,trich sai,
4521,tan viet,
4526,vanh ai 4 ai lo thang long,
4528,ang vu hy,
4529,nguyen lan,
4532,bui van them,
4533,la carte,
4536,t835,
4545,kenh 4,
4549,vinh n,
4560,cao thang,
4562,nguyen oanh p17,
4565,luong no,
4566,am thuy trieu,
4568,quang ham go vap,
4570,yen lang,
4572,trinh quang nghi,
4573,xa tien xuan,
4575,buu hoa,
4579,ly chieu hoang,
4584,vd3,
4589,phan van mang,
4592,n 1,
4593,le mat,
4600,khanh an 5,
4604,go au,
4610,oan ke thien,
4613,hoa binh - ha noi,
4621,an thoi,
4624,ql5,
4631,o phap thuan,
4632,mui tan,
4633,tl 818,
4636,t6,
4637,bui xuong trach s,
4640,yen thuong,
4648,thanh thi trao gia tri,
4666,12a,
4676,tinh lo 421b,
4682,ha huy tap,
4683,c 3 buong,
4685,tinh lo 2 ng cau khanh vinh,
4691,vo an ninh,
4705,phuc loi,
4706,phuoc tuong 8,
4709,thach thao,
4711,cong ong,
4715,vu inh lien,
4720,cau ien,
4723,ban khoang,
4730,vanh ai bien,
4733,21,
4735,khuc thua u,
4748,xa long thoi,
4751,ong 2,
4764,xe tai,
4768,3 trieu,
4769,khuong inh,
4772,ban yen nhan,
4773,ton an,
4776,xuan canh,
4785,19,
4786,apphan 7m,
4788,nguyen hien,
4791,cao 3 quat,
4796,bai chay,
4797,my phuoc 3,
4798,nguyen xien thanh xuan,
4805,thao ien,
4813,suoi a,
4814,pham huy g,
4823,115m,
4844,7m5 tay n,
4850,ta hien,
4851,quoc lo 6a,
4852,tran quy cap,
4858,quoc lo 5a,
4863,nhon ly,
4864,hoang chau ky,
4876,cao toc hcm - trung luong,
4879,phuoc tan van,
4882,tan an,
4891,bach van,
4893,inh u,
4899,ien ong,
4904,new an thoi,
4907,ky trinh,
4910,khuong trung,
4915,phuong giap bat,
4916,ang tien on,
4924,477,
4932,ang ma la,
4936,homeland,
4939,hong 2,
4943,422,
4949,lam n,
4956,cho,
4959,vuong thua vu t,
4962,giang huong 1,
4967,hoang ngan,
4970,cienco 5,
4972,shophouse phu quoc,
4973,768,
4990,54tml,
4995,tran hoa,
4998,mai xuan thuong,
5004,tran ai nghia,
5005,h507,
5041,thang may,
5044,ao,
5046,thuy n,
5063,xa ai ang,
5069,ql13 ql14,
5078,bui minh truc gia inh,
5082,vo tru,
5089,tao luc,
5098,vuon thom,
5100,binh my,
5101,luong the vinh t,
5105,vuon thom binh loi,
5112,yen phu,
5118,hoang quoc viet kdc,
5126,phao ai lang,
5136,nguyen trung ngan,
5137,gia thuong,
5143,vo ong,
5145,kenh 10,
5150,ai lo phan chu trinh,
5153,kenh 11,
5154,huong lo 62,
5162,tinh lo 25b,
5168,vu uc than,
5173,phuong a phuc,
5177,ng hanh,
5180,lang ai,
5181,an thuong 1,
5182,vo van van,
5184,ang thuc lieng phuong,
5187,tan khai,
5205,a42a,
5206,mon,
5207,tinh lo 2,
5208,hanh phuc 2,
5212,ng cai,
5225,thuc nghiem,
5231,van huong,
5236,ngu thuy trung cu,
5241,t 651,
5245,ta phin,
5246,quyet tien,
5250,en lu,
5260,ng he,
5264,phuong tay thanh,
5270,vo huu loi,
5273,nguyen inh kien,
5275,8 8 xa,
5279,t7,
5287,my,
5298,lien huyen 24,
5304,hom nay,
5308,ng tien hoang sa,
5309,phu binh,
5316,thuy san,
5317,kha lam,
5320,ng hanh quoc lo 14,
5322,hung phuoc,
5326,san nhi,
5333,a2,
5341,quoc lo 70,
5357,nguyen van huong thao,
5368,tl 419,
5373,can,
5376,minh khai giai phong tran khat chan,
5377,x,
5382,hoi,
5386,at o,
5388,nghi 8,
5402,trang,
5406,vinh tuy,
5409,luong tinh,
5412,co man mai 3,
5415,cao toc ai lo thang long,
5422,phan van khoe,
5427,ql70b,
5428,quynh ngoc,
5429,ham long,
5430,15b,
5436,ai lo anh vong,
5437,chinh,
5440,hoang ao thuy,
5442,vo uy,
5448,inh van chap,
5449,le van tho,
5461,truong vinh nguyen,
5463,ng hanh cao toc,
5466,o 3,
5472,nguyen van thiet p,
5474,xa trang viet,
5475,vanh ai 5,
5478,van kiep,
5479,o ngoc u,
5483,hoa phuong,
5486,tinh lo 8,
5487,chan hung,
5489,vinh ha,
5490,phong chau tinh lo 3,
5503,319,
5504,binh thoi,
5509,824,
5511,lo anh sang,
5517,aqua city,
5525,ven bien,
5530,ly te xuyen,
5533,ong la,
5535,32m,
5536,ong truc,
5543,ho kim quan,
5551,ql 21,
5558,phan boi chau,
5560,185,
5568,lai uyen 03,
5571,nguyen van thu,
5578,truong inh hoang mai,
5579,hung vuong a lat,
5581,nguyen thi tho,
5585,ngu xa,
5599,phuong hoa quy,
5603,suoi binh qh,
5605,tue tinh,
5610,lieu giai,
5612,lake view,
5615,2 quan,
5622,phu bai gia chi,
5623,lien ap,
5624,8 vu,
5631,huong 3,
5634,trung nu vuong,
5636,bau cong,
5637,phu quy,
5645,nguyen khanh toan ao tan,
5650,t753,
5652,- au giay,
5653,lien tinh t758,
5671,nguyen ngoc nhut,
5672,cay iep,
5679,mo lao,
5683,trong cung quan,
5685,ta11,
5693,betong,
5699,vo van kiet p,
5700,cu khoi,
5702,linh lang,
5707,trang ue,
5710,t756b,
5714,suoi loi,
5715,phuoc trung,
5725,phan huy chu,
5729,noi khu,
5730,thai khang,
5732,phan 3 vanh,
5737,tan tao,
5738,tran huu trang,
5745,64,
5755,tho cu,
5758,cao toc 5b,
5759,lien he,
5764,pham ngu lao,
5769,an tay,
5789,vu trong,
5796,nguyen thi ne,
5799,tran uy hung,
5807,bui tan ien,
5809,tl303,
5821,nguyen phuc nguyen quan,
5822,tt20,
5827,ai la,
5843,trung hoa nhan chinh,
5850,mai am,
5853,tu ky,
5860,27 nguyen xien,
5864,inh cong,
5865,tinh lo 302,
5868,ql 37 trung 8 huyen phu binh,
5872,ta nung,
5879,ql 55,
5880,ht 31,
5887,inh cong trang,
5892,rung au,
5893,hoa xuan,
5897,ha noi - hoa binh,
5900,34 minh thanh,
5901,g thoang,
5915,khai n ngoc thuy,
5917,xa hung loc,
5921,t429b,
5923,tran nao phuong binh,
5930,huyen tran cong chua,
5938,nguyen phi khanh,
5948,vu lang tu hiep,
5952,go,
5962,lien he e lam viec chinh,
5967,huong an,
5970,ly hong thanh,
5973,vo van kiet 5,
5983,vuon chuoi,
5985,lo vong cung,
5987,ien hong,
5992,ha bang,
5994,truong ang que,
6002,bau gia thuong,
6008,quoc lo huyet mach,
6014,nguyen van loc,
6015,quang khanh,
6023,thap 10,
6029,17,
6031,bu tram,
6032,mang,
6040,nguyen inh thi,
6043,tinh lo 1,
6048,ho van tu,
6053,-,
6055,nguyen chich,
6057,835b,
6058,van on,
6059,ql23,
6074,nguyen canh chan,
6078,phu thuan q,
6106,e vang,
6114,nghia tan sam uat,
6116,minh thanh an long,
6122,inh tien hoang,
6128,nguyen khe,
6137,lu gia,
6141,353,
6145,nguyen binh khiem,
6147,5 cuong,
6154,phuong hung ao,
6162,phu phong,
6163,cu chinh lan,
6168,quan trach,
6173,phuong 2,
6180,ql708,
6182,nguyen thai binh phuong,
6189,binh chau,
6191,bo ng vo van kiet,
6193,lac hong 1,
6201,lien ap 123,
6202,tu mo,
6218,nguyen chinh,
6225,ong bac ao,
6232,359c,
6237,ninh xa,
6243,tinh lo 830,
6277,nguyen phong sac,
6292,van phu,
6298,tl9,
6301,truong thai xin mien,
6308,lien xa 45m,
6311,cho chieu,
6319,ha sen,
6322,le quy on,
6331,me yen,
6337,long tho,
6341,ho hoc lam,
6345,kim ma thuong,
6352,loc quang,
6353,tinh lo 21b,
6363,cao vien,
6365,nguyen ngoc loc,
6366,thach bich,
6375,ng trau 20,
6379,ben nghe,
6386,ha quang ii,
6388,hoa su,
6398,thanh nien,
6399,nguyen van troi phu,
6403,e tien giang,
6409,linh xuan,
6412,trung van,
6414,e huu,
6416,le van thiem,
6421,minh thanh,
6441,am con rua,
6445,ben tram,
6447,ha quang 2,
6449,8a,
6454,cay go,
6460,quoc lo 23b,
6463,thich q uc,
6466,cao toc hcm ql13,
6475,ai lo huu nghi,
6476,khanh tai,
6482,ql1,
6486,nui truc,
6488,quoc lo 18a,
6514,le minh nhat,
6518,ai lo hung vuong,
6522,ql n2,
6533,lai xa,
6539,me,
6544,phu my,
6546,hang be,
6552,hang trong hang gai,
6565,ton that thuyet,
6569,phuong liet,
6581,nguyen kiem p3,
6582,sa oi,
6583,phuong 12,
6585,ho tong,
6594,t763,
6617,thanh xuan 24,
6622,tinh 419,
6623,ky thinh,
6624,tan xuan,
6629,ng hanh cao toc long thanh - au giay,
6632,himlam co linh,
6638,t603,
6643,pham kiet,
6644,cau hoa binh 2,
6650,tinh lo 427,
6651,xa phung chau,
6655,thu 3,
6663,cao toc sg,
6668,tan hiep 10,
6672,10m5 tran nhan tong,
6680,t 835c,
6689,yen lo,
6696,bui quang la phuong,
6698,vanh ai trau quy,
6702,en lu 2,
6710,tu inh,
6712,b6,
6714,3 hom,
6720,179,
6722,lua,
6723,be van an,
6726,ut tich phuong,
6735,xuan la vo chi cong,
6741,oc bun 1,
6745,pham hong thai,
6746,mai ang chon,
6747,an trung 8,
6757,to huu le van luong,
6761,hoc vien hau can,
6764,ql 51b,
6769,329,
6774,vinh khe,
6777,trang quan,
6780,lang cha ca,
6798,au lan,
6801,thu y,
6803,3 van,
6811,co ien,
6813,vuon thom e ve,
6815,thi 10,
6819,203,
6831,tan quy ong,
6834,thai van lung,
6844,quach thi trang,
6848,thiet ke,
6860,ang thai than,
6873,tinh lo 415,
6889,co loa,
6896,thanh a,
6901,tran binh tong,
6903,thang long - noi bai,
6915,hat giang phuong,
6921,nguyen inh chieu phuong,
6923,5 ki khoi nghia,
6929,ben thoc,
6933,qui uc,
6939,hoa sua,
6942,nguyen thi ton,
6953,phuong 6,
6958,57 cl,
6960,ql56,
6977,qln2,
6985,co giang,
6989,hang ieu,
6997,nguyen sy sach,
7002,tan inh,
7007,phuc la van phu,
7009,tinh lo 422b,
7013,g van hanh mall,
7016,him lam quan,
7018,le van sy phu nhuan,
7026,hoai uc 10p,
7027,24,
7034,h 619,
7037,42,
7038,an ong,
7042,xa tan hiep,
7053,oi 61,
7054,khang an,
7060,ha quang 1,
7071,an sinh,
7073,phu xuan,
7074,nguyen luong bang quan,
7094,kim quan thuong,
7098,xa nguyet uc,
7108,bat khoi,
7110,van chung phuong,
7126,ao kim cuong,
7134,khu,
7152,27,
7154,23,
7162,phan ang giang,
7165,thanh liet,
7170,vong thi quan,
7174,vo thi phai,
7182,van nga,
7189,nguyen luong,
7190,t749b,
7197,thuy phuong,
7212,51,
7213,29,
7218,ang thai mai,
7223,phu loc ong 2,
7226,ong o c n,
7228,luong van can,
7246,hoang hoa tham binh thanh,
7251,lu,
7252,xa y ty,
7265,ho hoa,
7267,ai lo orchard,
7269,cach mang,
7274,nguyen thai binh,
7277,tinh lo 5,
7293,cao toc phan thiet - au giay,
7299,tan ap,
7300,ai hiep,
7307,t 743,
7313,xe hoi linh ong,
7319,van con,
7321,nguyen nghiem,
7334,tran phu 5,
7338,19/5 van quan,
7350,giang bien,
7357,tran thai tong cau giay,
7374,ho sen,
7385,ql1d,
7388,tran quy kien,
7392,phu man,
7394,phuoc ninh,
7413,than van nhiep,
7414,8 binh,
7415,3 ca,
7437,te hanh,
7438,nguyen van thu a,
7449,ho 3 kien,
7458,tl769,
7460,bat nan,
7463,phuong hoa nghia,
7465,nguyen suy,
7468,co co,
7474,phan van ang,
7475,ql 10,
7479,phu thuan,
7485,tan canh,
7518,3 hat,
7523,an n 05,
7529,thien phuoc,
7534,trinh to 8,
7535,tan thoi hiep,
7536,nguyen van,
7547,tl 15,
7550,xa long hung,
7553,36,
7560,hcm giai oan,
7561,bau cat 1,
7564,15b nguyen luong bang,
7569,hong ha hoan kiem,
7570,khue x 4 mai ich,
7586,gia long,
7603,ng hanh quoc lo 22,
7618,huynh thi ong,
7622,42m phan chu trinh,
7632,bui van 3,
7647,ho phu nghia,
7650,ql17,
7672,nguyen van sang,
7673,cai tac,
7705,phuong ngoc lam,
7710,huong que,
7713,ql2,
7715,tch13,
7721,ngo be,
7742,tra khe,
7743,phuong thanh my loi,
7748,trieu viet vuong,
7753,tran tuan khai,
7755,tan cang 86,
7760,quoc lo 1 a,
7763,8 an,
7765,vincom nguyen xi,
7769,ql 1 a,
7781,tan cang,
7782,ql45,
7794,suong nguyet anh,
7796,le van loc,
7810,nguyen ong chi t,
7818,tran quoc hoan ien,
7831,le van uyet,
7840,bau,
7848,trinh inh thao,
7868,phu ong,
7881,nguyen thuong hien,
7882,ho thi bung,
7883,nguyen van lung,
7889,le binh,
7895,trinh inh trong,
7900,tho nhuom,
7915,ho ac i,
7924,worldbank,
7925,03,
7928,ao tan 3 inh,
7938,tan co ien,
7954,chong,
7957,nguyen gia tri t,
7958,khanh thanh,
7962,g pham hung,
7974,lien phuong giao,
7978,le minh cong,
7979,nguyen nguyen oanh gv,
7995,bau cat oi,
7996,phan tay ho,
7999,tap oan 7,
8006,ly long tuong,
8016,long hau,
8024,trang tien,
8030,hoa phat,
8034,tran quoc vuong,
8038,537,
8043,ien phuoc,
8045,hoang hoa tham nha,
8047,truong quyen,
8058,1a,
8078,lo,
8081,h 609,
8082,binh quoi,
8083,phuong binh trung tay,
8090,huy ich,
8093,lien khuong - prenn,
8096,lach tray,
8103,quoc lo 17,
8104,kha van can,
8112,co ho hoan kiem,
8115,c13,
8120,com vong,
8123,luong su,
8126,nguyen thi nho,
8130,than nhan trung,
8137,tran mai ninh,
8142,nguyen 3 tong,
8153,uc thang,
8171,vo chi cong pham van ong,
8183,u ghe,
8184,lang tang phu,
8187,luu huu phuoc hon ro 1,
8190,23 vcn phuoc long 1,
8200,lavilla 2,
8209,156,
8212,truong thi hoa,
8218,nguyen thuong hien vip,
8222,an thoi ong,
8224,tinh lo 44a,
8251,tl420,
8254,nguyen xuan phung,
8258,binh minh,
8262,hoa loi,
8263,quoc lo 51b,
8264,xa long inh,
8269,lang lon,
8272,mat tien tu xuong,
8274,ben inh,
8278,tran luu,
8279,tu lien,
8281,nguyen cuu phu,
8293,trinh kha,
8307,nguyen van cu 1,
8308,cao toc ben luc long thanh,
8314,thanh hong,
8315,noi,
8316,vuon au 88,
8323,ang oan bang,
8325,uyen 2,
8327,10m5 2 phong,
8338,long thanh au giay,
8345,oan ket 2,
8362,ong n,
8375,tan trieu,
8376,nguyen thi tan,
8385,nghia o,
8386,tran kim xuyen,
8397,hoang thi ai,
8398,ong a,
8415,nga tu ga,
8416,tran xuan on,
8422,le van thu,
8423,xa yen bai,
8425,vo chi cong cau giay,
8428,trinh thi mieng,
8436,hong,
8446,e 4,
8449,vo thi lieu,
8452,ng co co,
8457,le thi rieng,
8464,cau vuot me tri,
8465,cau giay 155,
8483,canh cong hoa,
8487,tinh lo 302 8 quan,
8489,trinh hoai uc,
8501,vip,
8507,hong mai,
8510,co bi,
8516,quy my,
8519,t716,
8540,tan thoi hiep 13,
8541,tran thi 5,
8544,siu,
8548,nguyen thi bup,
8551,vanh ai iii,
8573,ho tung mau bac tu liem,
8589,bui quoc khanh,
8593,hoang vu land,
8596,tri,
8605,qui hoach,
8606,ai lo nguyen tat thanh,
8608,t 743c,
8612,o cho ua,
8618,phan van tri p7,
8625,phuoc truong,
8626,tl328,
8628,khuc hao,
8636,uc,
8637,an phu ong 3,
8638,nguyen mau tai trau quy gia lam,
8649,my phuoc,
8652,5 sanh,
8656,oan van bo,
8658,vinh khanh,
8665,tl 378,
8666,4m5,
8668,galleria,
8669,bui tu toan,
8681,tinh lo 2 ien lac,
8688,quang trung le trong tan,
8693,calmette,
8702,phan anh,
8708,ao cu,
8716,phuoc long b,
8718,au co phuong tan thanh,
8725,tan lieu,
8732,le inh can,
8759,t8,
8761,n16,
8766,su hy nhan,
8767,lam u,
8773,x 102,
8785,ho linh quang,
8791,nguyen bao hoa,
8801,phan inh phung phuong,
8802,nguyen van tuong,
8806,thuy xuan tien,
8810,vuon hoa,
8811,nhan my,
8817,van quang,
8836,thanh long,
8838,cay uoi,
8841,h418,
8847,thanh xuan 25,
8851,54,
8853,4 hoa,
8867,cao toc bac - 5,
8875,o xuan hop phuong,
8879,mai chi tho vanh ai 2,
8894,quoc lo 27c,
8910,a mi,
8922,y lan,
8924,rach an phu ong,
8943,yen ha,
8959,ql35,
8975,ql22,
8978,le quat,
8986,thanh thoi,
8990,muong thao,
8991,ha tri 1,
9004,tan hiep tan binh,
9007,bung ong thoan,
9011,quoc lo 900m,
9023,hon o,
9026,ang van may,
9040,tran oanh,
9051,t748,
9054,b9,
9059,xe may,
9062,thanh luong,
9065,tinh lo 8b,
9081,hl 15,
9086,833b,
9087,tl422,
9089,phuoc vinh tay,
9094,trinh thi oi,
9107,loc an,
9120,ql26b,
9125,vo van bich,
9127,lien tinh,
9130,go ua,
9133,ang xuan bang,
9137,ai lo bac n long thanh,
9138,vinh loc a,
9144,hoang quoc viet pham van ong,
9145,cay keo,
9147,2a,
9152,quang trung 140m,
9162,vinh phu 32,
9163,bui ta han,
9176,bong n,
9184,nui thanh,
9185,cong vien,
9191,pham thi tanh,
9196,my xuan - ngai giao,
9204,tran van ang,
9205,tran bach ang,
9209,ql 27 c,
9212,quang trung 32m,
9215,ong thanh 8,
9233,m1,
9234,phuoc long tho,
9236,13a,
9241,40m,
9242,44,
9244,ong mai,
9246,bui thi,
9256,thuong cat,
9257,cong lo,
9258,tran van giang,
9264,ha tri t,
9265,171,
9272,cuu long,
9273,28b,
9276,tinh lo 6,
9278,binh chuan 10,
9281,thanh am,
9284,phung hung an vien,
9289,9 vo thi 6,
9294,cenco 5,
9306,nga tu 4 xa,
9308,quoc lo 70m,
9312,ql 1b,
9313,lien mac,
9320,mac thi buoi,
9328,pham nhu hien,
9335,thanh toan,
9342,lien ap 234,
9344,bo chua,
9347,bagac,
9349,pho lu,
9352,t 774,
9357,ai lam moc,
9361,b2,
9379,tc1,
9381,huong lo 15,
9383,oan ke thien cau giay,
9388,hung phuoc 2,
9394,ha noi,
9398,tay an thuong,
9400,cao toc ham kiem,
9417,hao 5,
9419,tu trong,
9423,l thang long,
9427,tinh lo 725,
9429,quoc lo 5 ng hau,
9434,ung sy ien ngoc,
9435,pham uy trinh at,
9438,chua hang,
9443,nguyen uy hieu,
9453,o to vivu,
9459,truong van thanh,
9468,nguyen van huyen keo ai,
9470,quoc lo 22b,
9471,trinh nhu khue,
9475,ngoc n,
9482,huong lo 8,
9485,cat 3 amatina,
9494,le thanh ton ben thanh,
9503,123,
9506,xa am bri,
9508,- long thanh - au giay,
9519,ngo uc ke,
9521,nguyen hoi,
9524,nguyen van giai,
9532,8 & 10,
9539,truong tre,
9549,quang trung phuong,
9552,hoang u khuong,
9554,phu ong thien vuong,
9556,khuong huu ung,
9557,7m5,
9565,lo su,
9571,ql47 ong hoang ong n,
9584,cau tan thuan 2,
9589,moi kinh oanh,
9592,cao uc lan,
9601,cao toc tan phu bao loc,
9603,lau san thuong,
9610,nguyen trong tuyen phu nhuan,
9612,an phu tay,
9615,thai,
9623,hoang bat at,
9625,nguyen inh chinh,
9628,park legend,
9629,bau trai,
9630,830,
9635,ho sy tan,
9644,c trao a,
9650,ap la y,
9651,t 768,
9653,tran xuan hoa,
9667,ang nhu lam,
9675,mang lin,
9676,trang bom cay gao,
9678,e to,
9687,bai tu long,
9689,lien tinh 8 minh hung ung,
9698,an phu ong 10,
9701,tinh 834,
9716,lien ninh,
9741,ke ben truong ai hoc viet uc,
9757,the lu,
9767,nguyen thai hoc tran phu,
9769,nguyen oanh le uc tho,
9775,vu xuan thieu,
9782,xuyen 8,
9786,phu xa,
9788,phuoc thien,
9812,nguyen van 26m,
9819,- mong cai,
9820,au giay ng nhan,
9823,hoa trung,
9836,h09,
9843,boi loi,
9848,binh hoa,
9850,mac thai tong,
9851,qh,
9860,phuoc tan,
9865,quoc lo6,
9871,tay phan xich long,
9873,luong van nho,
9874,sinh,
9877,chuong luong,
9878,trinh inh cuu,
9880,nguyen thi c,
9885,kontum,
9892,ql1a truong chinh,
9902,nha nuoc,
9907,le a,
9908,nga tu,
9913,43,
9924,chom sao hung inh,
9926,vanh ai ong bac 1,
9931,oan ket,
9938,sai gon,
9941,qh 80m,
9947,mang 7,
9948,lien xa lien huyen,
9959,22 thang 2,
9960,bo kenh t14,
9974,cao n 7,
9976,lien tinh minh hung,
9989,ng hanh vanh ai 3,
9990,xa an ong,
9992,ql14e,
9999,818,
